{
    "SIMBData": {
        "out": "amcQwB.o",
        "bytes": 89369
    },
    "NameTable": {
        "vscale_hex_tb": [
            "vscale_hex_tb",
            "GhEqH",
            "module"
        ],
        "vscale_dp_hasti_sram": [
            "vscale_dp_hasti_sram",
            "IIHvd",
            "module"
        ],
        "vscale_hasti_bridge": [
            "vscale_hasti_bridge",
            "HgNjP",
            "module"
        ],
        "...MASTER...": [
            "SIM",
            "amcQw",
            "module"
        ]
    },
    "PEModules": [],
    "CompileStrategy": "fullobj",
    "CompileStatus": "Successful",
    "CurCompileUdps": {},
    "CurCompileModules": [
        "...MASTER...",
        "vscale_hex_tb",
        "vscale_dp_hasti_sram",
        "vscale_hasti_bridge"
    ],
    "LVLData": [
        "SIM"
    ],
    "CompileProcesses": [
        "cgproc.87651.json"
    ],
    "Misc": {
        "archive_dir": "archive.0",
        "cwd": "/home/lgy/Desktop/lab1/lab1-waitforthirty/vscale",
        "daidir_abs": "/home/lgy/Desktop/lab1/lab1-waitforthirty/vscale/sim/simv.daidir",
        "csrc": "sim/csrc",
        "daidir": "/home/lgy/Desktop/lab1/lab1-waitforthirty/vscale/sim/simv.daidir",
        "csrc_abs": "/home/lgy/Desktop/lab1/lab1-waitforthirty/vscale/sim/csrc",
        "default_output_dir": "sim/csrc"
    }
}