{
    "CompileProcesses": [
        "cgproc.30778.json"
    ],
    "MlibObjs": {},
    "CurCompileUdps": {},
    "PrevCompiledModules": {
        "vscale_hasti_bridge": {
            "HgNjP_u0_obj": {
                "bytes": 10103,
                "archive": "archive.1/_prev_archive_1.a",
                "mod": "vscale_hasti_bridge",
                "out": "HgNjP_u0_obj.o",
                "mode": 4
            }
        },
        "vscale_hex_tb": {
            "GhEqH_u0_obj": {
                "bytes": 210216,
                "archive": "archive.1/_prev_archive_1.a",
                "mod": "vscale_hex_tb",
                "out": "GhEqH_u0_obj.o",
                "mode": 4
            }
        },
        "vscale_dp_hasti_sram": {
            "IIHvd_u0_obj": {
                "bytes": 26875,
                "archive": "archive.1/_prev_archive_1.a",
                "mod": "vscale_dp_hasti_sram",
                "out": "IIHvd_u0_obj.o",
                "mode": 4
            }
        },
        "...MASTER...": {
            "amcQw_u0_obj": {
                "bytes": 7110,
                "archive": "archive.1/_30778_archive_1.a",
                "mod": "...MASTER...",
                "out": "amcQw_u0_obj.o",
                "mode": 4
            }
        }
    },
    "LVLData": [
        "SIM"
    ],
    "NameTable": {
        "vscale_hex_tb": [
            "vscale_hex_tb",
            "GhEqH",
            "module"
        ],
        "...MASTER...": [
            "SIM",
            "amcQw",
            "module"
        ],
        "vscale_dp_hasti_sram": [
            "vscale_dp_hasti_sram",
            "IIHvd",
            "module"
        ],
        "vscale_hasti_bridge": [
            "vscale_hasti_bridge",
            "HgNjP",
            "module"
        ]
    },
    "CompileStrategy": "fullobj",
    "CurCompileModules": [
        "...MASTER..."
    ],
    "SIMBData": {
        "out": "amcQwB.o",
        "bytes": 89129
    },
    "PEModules": [],
    "Misc": {
        "cwd": "/home/lgy/Desktop/lab1/lab1-waitforthirty/vscale",
        "csrc": "sim/csrc",
        "csrc_abs": "/home/lgy/Desktop/lab1/lab1-waitforthirty/vscale/sim/csrc",
        "archive_dir": "archive.1",
        "daidir": "/home/lgy/Desktop/lab1/lab1-waitforthirty/vscale/sim/simv.daidir",
        "daidir_abs": "/home/lgy/Desktop/lab1/lab1-waitforthirty/vscale/sim/simv.daidir",
        "default_output_dir": "sim/csrc"
    },
    "CompileStatus": "Successful"
}