{
    "Modules": {
        "vscale_dp_hasti_sram": {},
        "...MASTER...": {},
        "vscale_hex_tb": {},
        "vscale_hasti_bridge": {}
    },
    "CompUnits": {
        "amcQw_u0_obj": {
            "archive": "archive.1/_30778_archive_1.a",
            "mod": "...MASTER...",
            "out": "amcQw_u0_obj.o",
            "bytes": 7110,
            "mode": 4
        }
    },
    "ObjArchives": [
        {
            "archive": "archive.1/_30778_archive_1.a",
            "objects": [
                [
                    "amcQw_u0_obj.o",
                    7110
                ]
            ],
            "size": 7110
        }
    ]
}